category,total_orders,revenue
health_beauty,8836,1258681.34
watches_gifts,5624,1205005.68
bed_bath_table,9417,1036988.68
sports_leisure,7720,988048.97
computers_accessories,6689,911954.32
furniture_decor,6449,729762.49
cool_stuff,3632,635290.85
housewares,5884,632248.66
auto,3897,592720.11
garden_tools,3518,485256.46
toys,3886,483946.6
baby,2885,411764.89
perfumery,3162,399124.87
telephony,4199,323667.53
office_furniture,1273,273960.7
stationery,2311,230943.23
computers,181,222963.13
pet_shop,1710,214315.41
musical_instruments,628,191498.88
small_appliances,630,190648.58
electronics,2550,160246.74
consoles_games,1062,157465.22
fashion_bags_accessories,1864,152823.54
construction_tools_construction,748,144677.59
luggage_accessories,1034,140429.98
home_appliances_2,234,113317.74
home_construction,490,83088.12
home_appliances,764,80171.53
agro_industry_and_commerce,182,72530.47
furniture_living_room,422,68916.56
fixed_telephony,217,59583.0
home_confort,397,58572.04
air_conditioning,253,55024.96
audio,350,50688.5
small_appliances_home_oven_and_coffee,75,47445.71
books_general_interest,512,46856.88
kitchen_dining_laundry_garden_furniture,248,46328.37
construction_tools_lights,244,41080.0
construction_tools_safety,167,40544.52
industry_commerce_and_business,235,39669.61
food,450,29393.41
market_place,280,28378.47
costruction_tools_garden,194,25715.89
art,202,24202.64
fashion_shoes,240,23562.77
drinks,297,22428.7
signaling_and_security,140,21509.23
furniture_bedroom,95,20028.78
books_technical,260,19096.06
costruction_tools_tools,97,15903.95
food_drink,227,15179.48
fashion_male_clothing,112,10797.82
fashion_underwear_beach,121,9541.55
christmas_supplies,128,8800.82
tablets_printing_image,79,7528.41
cine_photo,65,6933.46
music,38,6034.35
dvds_blu_ray,59,5999.39
books_imported,53,4639.85
party_supplies,39,4485.18
furniture_mattress_and_upholstery,38,4368.08
portateis_cozinha_e_preparadores_de_alimentos,14,3968.53
fashio_female_clothing,39,2803.64
fashion_sport,27,2119.51
la_cuisine,13,2054.99
arts_and_craftmanship,23,1814.01
diapers_and_hygiene,27,1567.59
pc_gamer,8,1545.95
flowers,29,1110.04
home_comfort_2,24,760.27
cds_dvds_musicals,12,730.0
fashion_childrens_clothes,8,569.85
security_and_services,2,283.29
